,영상순서,제목,링크
0,23,거침없는 입담으로 무도 멤버들 들었다 놨다 하는 이효리 모음.zip | 무한도전⏱오분순삭 MBC170624방송,https://www.youtube.com/watch?v=izXuVlghLCs
1,74,"있는 소문, 없는 소문 다 퍼트리는 무도 확성기 |무한도전⏱오분순삭 MBC110730방송",https://www.youtube.com/watch?v=os0nweFDG0g
2,78,🥳주나형 생일기념🥳 굴비부터 곶감까지.. 무도가 탱커의 생일을 축하하는 법.mp4 | 무한도전⏱오분순삭 MBC070407방송,https://www.youtube.com/watch?v=XczeIlXLb-A
3,106,어쩌다 사장님도👨‍🍳불시착한 새신부도🪂🙃그랜절부터 시키는 무도🤸|무한도전⏱오분순삭 MBC080415방송,https://www.youtube.com/watch?v=ydq3cSoKuL8
4,117,"지옥도는 있는데 천국도는 없,,☠️무도ver. 솔로지옥🏝💕|무한도전⏱오분순삭 MBC111029방송",https://www.youtube.com/watch?v=OwUA6ukUxFQ
5,133,없는 게 없는 무도 예견짤 (feat.동계올림픽⛸) 보면서 화내지 않기 약속🤙 | 무한도전⏱오분순삭 MBC070127방송,https://www.youtube.com/watch?v=VM15OwBJiKM
6,144,술주정 참교육 영상_무도편.mov | 무한도전⏱오분순삭 MBC120114방송,https://www.youtube.com/watch?v=bBMSQoJk_XE
7,195,꿈과 희망을 루팡합니다💨 조금 일찍 찌든 무도어른이들 | 무한도전⏱오분순삭 MBC140208방송,https://www.youtube.com/watch?v=XfrHTKWRL-g
8,202,아무도 시킨 적 없는 연예대상 패션쇼💃 | 무한도전⏱오분순삭 MBC110101방송,https://www.youtube.com/watch?v=27Gya479akw
9,286,🎉경 존버당 축🎉 무도 제8의 멤버 김태호PD 모음.zip | 무한도전⏱오분순삭 MBC160625방송,https://www.youtube.com/watch?v=-tONw0bBgus
10,411,무도 싸움의 장 엘리베이터 모음.zip ★내맘대로 십분순삭★ | 무한도전⏱오분순삭 MBC100116방송,https://www.youtube.com/watch?v=qctcClQsg5w
11,426,🎉경 존버당 축🎉 버섯부터 뱀까지 다~ 있는 🍄무도 생태계 생생생🐍 | 무한도전⏱오분순삭 MBC150425방송,https://www.youtube.com/watch?v=crx0hEmNJj4
12,482,무도 보면서 후방 걱정할 줄 몰랐다 노(홍)출 모음 | 무한도전⏱오분순삭 MBC140510방송,https://www.youtube.com/watch?v=O0WXEEI-OEo
13,493,Oh~ 치맛바람이 불어와~🌀 없는 게 없는 무도 예견짤(feat.쁘걸💙) | 무한도전⏱오분순삭 MBC061021방송,https://www.youtube.com/watch?v=kdbz7ju40WI
14,504,여름에도~ 겨울에도~ 🍌무도 공식 간식 바나나🍌 모음 ★내맘대로 십분순삭★ | 무한도전⏱오분순삭 MBC060701방송,https://www.youtube.com/watch?v=GPhPKUP2dYA
15,525,예언의 끝은 어디까지인가〰무도 짤로 드라마 한 편 뚝딱📺   | 무한도전⏱오분순삭 MBC161112방송,https://www.youtube.com/watch?v=1A9-itPsQFE
16,548,명수 매니저의 전지적 무도 시점 | 무한도전⏱오분순삭 MBC081101방송,https://www.youtube.com/watch?v=Ycl-DIEKpwI
17,561,무도 SD화질? 모래사장? 이건 못 참지 | 무한도전⏱오분순삭 MBC081122방송,https://www.youtube.com/watch?v=6W6ngZZ7qQ4
18,615,웃긴구간 아니겠지하고 안심해서 물 마시지마세요.이건 무도예요 | 무한도전⏱오분순삭 MBC080705방송,https://www.youtube.com/watch?v=BR7OFcEFRDw
19,679,"무도킹덤에 가면 천사맛도 있고, 다크초코도 있고~ 🍪무도맛 쿠키🍪 모음 | 무한도전⏱오분순삭 MBC071006방송",https://www.youtube.com/watch?v=mLAnRlP9qA4
20,688,(ENG sub) 누구를 위한 나비인가..아무도 원하지 않는 20만원짜리 나비 구매한 사연..😭ㅣWooYoung♥SeYoungㅣ우결⏱오분순삭 MBC140208 방송,https://www.youtube.com/watch?v=VIJ5Q8VxsK0
21,711,자막으로도 티키타카가 가능한 무도;; ＂모든 미디어가 너예요＂ 모음.zip | 무한도전⏱오분순삭 MBC070901방송,https://www.youtube.com/watch?v=P3gdFEB_tIc
22,724,태어난 김에 무도하는 명수형 모음.zip | 무한도전⏱오분순삭 MBC170429방송,https://www.youtube.com/watch?v=LiuxSyrUUEA
23,734,사전 섭외는 사치👌 무도의 오분 대기조🖐 재석 옵션 동생 데프콘 | 무한도전⏱오분순삭 MBC110423방송,https://www.youtube.com/watch?v=0VGDeLTJxjs
24,747,욜 마 셀러브리티 🎵 아이유 신곡 6년 전에 미리 봤다(?) 무도의 예견짤은 어디까지... | 무한도전⏱오분순삭 MBC150711방송,https://www.youtube.com/watch?v=sRce-SND640
25,755,이 시국을 예견이라도 한듯 틀린 말하나 없는 무도 짤모음.zip | 무한도전⏱오분순삭 MBC090228방송,https://www.youtube.com/watch?v=tXcpoLLDH68
26,781,하관으로 F1먹은 무도 대표 미남😎 원근법 무시하는 얼굴계 무법자 노칠홍| ⏱#무한도전 #오분순삭 #노홍철 MBC130706방송,https://www.youtube.com/watch?v=Q2L-uJFA_AU
27,797,말하는 대로~ 다 이루어지는 무도매직🧞‍♂ | ⏱ #무한도전 #오분순삭 MBC110813방송,https://www.youtube.com/watch?v=F0sIsCwFo4o
28,811,⛄함께 있단 이유로 행복했었던 그 시절 무한도전❄️무도가 불러주는 크리스마스 캐럴🎅🏻🎄 | ⏱#무한도전 #오분순삭 MBC061216방송,https://www.youtube.com/watch?v=KeowYI-bL3c
29,866,"나 80등이나 올랐단 말이야,,왜 아무도 몰라줘,,| ⏱ #거침킥 #오분순삭 MBC070119 방송",https://www.youtube.com/watch?v=XGFVXfcfAq4
30,918,못 본 사람은 없어도 한 번만 본 사람도 없는 전설의 무도 짤 탄생의 순간! 짤 모음집 3탄! |⏱#무한도전 #오분순삭 (MBC 20171209 등 방송),https://www.youtube.com/watch?v=tx47YpnaMQ8
31,964,무도 추격전은 역시 꼬리잡기! 꼬리잡기 속 노홍철의 사기 행각을 따라서🏃 ♂ | ⏱#무한도전 #오분순삭 (MBC 20090905 등 방송),https://www.youtube.com/watch?v=5d0OP41iq90
32,1000,만약에 하와수 없었더라면~ 무슨 재미로 무도 봤을까🎵 하와수 티키타카 모음2🤼 | 무한도전⏱오분순삭,https://www.youtube.com/watch?v=xZJuBp1mCOs
33,1012,초창기 무도의 '근본' 여섯 멤버의 첫등장 모음! 추억 새록새록..모두가 선물이었습니다ㅠㅜ | 무한도전⏱오분순삭,https://www.youtube.com/watch?v=A3taB0O9JZo
34,1034,미안하디 미안하다🎵 중독성 G지리는 무도 패러디송 모음.zip | 무한도전⏱오분순삭,https://www.youtube.com/watch?v=7V_ig3kSZ3c
35,1051,무서운썰풀기 장인 멤버들과 놀래키기 장인 스텝들이 만난 👻무서운이야기in the무도👻★내맘대로 십분순삭★| 무한도전⏱오분순삭,https://www.youtube.com/watch?v=kYSxsLVSnlo
36,1061,비도 우리의 흥을 막을 순 없다◝(⁰▿⁰)◜무도 멤버들의  노래방 마지막 5분 신나게 노는 법 | 무한도전⏱오분순삭,https://www.youtube.com/watch?v=z3ROrqsa49U
37,1068,고문 아닌 사랑의 표현♥ 무도시그니쳐 '얼음대패질' 모음보고 더위 날려버렷!! | 무한도전⏱오분순삭,https://www.youtube.com/watch?v=8HF-C0nS8tA
38,1150,"여권 사진으로 활용 쌉가능~! 웹툰계가 아닌 현생에 태어난 것이 그나마 다행인 무도 멤버들,,| 무한도전⏱오분순삭",https://www.youtube.com/watch?v=aCU71f1orqY
39,1163,ღ가정의 달 특집ღ 서로 가족의 안부도 묻는 진짜 가족 같은 무도 멤버들 (~˘▾˘)~ | 무한도전⏱오분순삭,https://www.youtube.com/watch?v=sKJu5XafvIc
40,1189,웃기는 거 빼고 다 잘하는 무도 공기(Air ❌ 공식 기능인 ⭕) 담당 정형돈 모음🏚  무한도전⏱오분순삭,https://www.youtube.com/watch?v=4wyCXD70pgo
41,1229,행동으로 보여주는 재석의 특급 도우미! 무도 어린이집 하율이(4살) 모아보기👼 | 무한도전⏱오분순삭,https://www.youtube.com/watch?v=yjipZqd8VsY
42,1266,롤러코스터에서 펼쳐지는 메이크 오버쇼! 환상의 나라 무도네 쌀롱💃 2020 뷰티계 장악 노려봅니다 (¬‿¬) | 무한도전⏱오분순삭,https://www.youtube.com/watch?v=yF9ch7keM7Y
43,1271,무도+열정=격투기🥊 ＂아휴 알만한 분들이 왜그러세요~＂ 항도니의 애드립까지 더해지면 무도식 뮤비완성✨ | 무한도전⏱오분순삭,https://www.youtube.com/watch?v=Fu-ZgU6RxrY
44,1276,"＂언제 또 이런 프로그램을 해볼 수 있겠냐..＂ 무도 종영 2주년, 쉼표특집 텐트토크 | 무한도전⏱오분순삭",https://www.youtube.com/watch?v=PxNzGkszff4
45,1280,이 정도면 루브르에 걸려도 인정 ;; 피카소가 울고 고흐가 기립박수칠 무도 멤버들의 작품 세계 (feat.나타샤) | 무한도전⏱오분순삭,https://www.youtube.com/watch?v=DiepA-v3eUs
46,1289,무도 상황극 필승🤘 미운 40대 애긔들을 돌보게된 못난이 아빠의 훈육법👶 | 무한도전⏱오분순삭,https://www.youtube.com/watch?v=5WrHGl3LDJs
47,1307,[오분순삭X하하 2부] '요즘도 무도 멤버들 자주 만나나요?' 여러분의 질문을 대신 전해드리는~ 하하에게 무엇이든 물어보'삭'! #오분순삭,https://www.youtube.com/watch?v=RFBXnzxoN5I
48,1324,우리의 아침은 당신의 밤보다 웃기다. 깔깔인형🐶부터 한라봉🍊까지 무도는 아침부터 심상치 않구나? | 무한도전⏱오분순삭,https://www.youtube.com/watch?v=rLKJAysaZ9Y
49,1337,유돈노빠👇👇🙅‍♀x2 만나기만 하면 분량깡패👊 무도 순수혈통 유돈노 케미❤ | 무한도전⏱오분순삭,https://www.youtube.com/watch?v=X07_jQRMFBM
50,1360,똑똑똑✊제동이니? 난 두드릴 필요 없단다 ͡~ ͜ʖ ͡° 내 집 같은 편안함🏠 무도 상비군 제동이네.zip | 무한도전⏱오분순삭,https://www.youtube.com/watch?v=G-NvKTP6xxg
51,1392,♥사랑해요 나.문.희♥️ 너무도 완벽한 내 아내 | 거침킥⏱오분순삭,https://www.youtube.com/watch?v=iQUvB7ZB140
52,1397,무도는 게스트마저 찐이구나?ヽ(°〇°)ﾉ 예능 포텐 빵빵 터진 무도큰잔치🎉★설특집 이십분 순삭★| 무한도전⏱오분순삭,https://www.youtube.com/watch?v=aR8JTgmB6ss
53,1403,무도 응원단 총원 7명! 임원·간부 6명! 그냥 박씨 1명! 인원보고 끝! | 무한도전⏱오분순삭,https://www.youtube.com/watch?v=x-tV88lpPrQ
54,1406,준호야 난 우리집으로 가자 단 아무도 모르게~가 나도 모르게인 줄은 몰랐지😱 | 오인분순삭⏱오분순삭,https://www.youtube.com/watch?v=RMIv-zgwI6Q
55,1435,"무도춘향전 中, ＂모두가 한마음한뜻으로 명수춘향의 지갑을 털게되는디~쿵!짝! 얼쑤!＂ | 무한도전⏱오분순삭",https://www.youtube.com/watch?v=_Hkq_RoZvsg
56,1486,"""형,,약주하셨어요??"" 취중텐션으로 무도에서 레전드 찍고가는 경규옹 ★예능총회★ | 무한도전⏱오분순삭",https://www.youtube.com/watch?v=hYQ_BQMH1z0
57,1532,To. 수고한 모든 고3들에게 From. 무도 멤버들이♥ 수능친다고 고생 많았어요👏 | 무한도전⏱오분순삭,https://www.youtube.com/watch?v=2_--a6JC988
58,1551,‼️수능 D-7‼️ ₅C₃ = 오씨 성 3명을 대시오ㅋㅋㅋㅋ 무도 멤버들이 알려주는 문제 풀이(라고 쓰고 찍기라고 읽는다) 꿀팁★ ※수포자들 시청필수※ | 무한도전⏱오분순삭,https://www.youtube.com/watch?v=Z9uWeYmGOFM
59,1637,"""아무리 생각해도 무도는 저랑 안 맞는 것 같아요.."" 지금은 큰자기랑 퀴즈 푸는 맛에 사는 조세호👼🏻✨  | 무한도전⏱오분순삭",https://www.youtube.com/watch?v=g-qxBykvCMc
60,1650,"검사받는 게 이렇게 웃길 일,,? 건강검진만으로 웃겨버리는 무도 클라쓰 | 무한도전⏱오분순삭",https://www.youtube.com/watch?v=wgBfSrXNbos
61,1672,지나가는 일반인마저 웃긴 무도 클라스 ㅠㅠ  | 무한도전⏱오분순삭,https://www.youtube.com/watch?v=n_qKdvyAUPM
62,1793,※우울할 때 보세요※ 그때 그시절 무도 몸개그 레전듴ㅋㅋ  | 무한도전⏱오분순삭,https://www.youtube.com/watch?v=AgfvZUlcCs4
63,1802,(똥촉주의) 밑도 끝도 없는 스태프 추리 대잔치 ★무도 탐정특집★ | 무한도전⏱오분순삭,https://www.youtube.com/watch?v=RCZtyEILk6A
64,1814,"무도는 작가들도 장난아님,, 로우킥공격&댄스공격 나갑니다~~!  | 무한도전⏱오분순삭",https://www.youtube.com/watch?v=OX56_HsXuSM
65,1837,※무도납량특집※ 저 세상 담력... 대한민국 쫄보들 여기 다 모였대요~!｜무한도전⏱오분순삭,https://www.youtube.com/watch?v=CVT8aukhQFE
66,1873,무도 진상 오브 진상 형돈이의 난동 모음.zip  | 무한도전⏱오분순삭,https://www.youtube.com/watch?v=Cz2-eJcytrs
67,1874,꽁트장인은 언어를 가리지 않긔..★하다하다 이젠 영어로도 레전드 찍는 무도 클라스!｜무한도전⏱오분순삭,https://www.youtube.com/watch?v=IUG9hTnNIZY
68,1906,무도 스태프들도 미쳐있던 그 시절... (ft.김태호와 30스태프) | 무한도전⏱오분순삭,https://www.youtube.com/watch?v=TBeafszZ_gU
